total_count,count_within_document,file,title,fragment
1,1,03392.txt,De vergeten dagboeken,van aarden en krijg een hele preek mee isan onze baboe staat ons na te wuiven tot we geheel uit het 
2,2,03392.txt,De vergeten dagboeken,mooie benen van elly en etty en lachen naar de baboes die ons lekkere dingen uit de keuken brengen en zelfs 
3,3,03392.txt,De vergeten dagboeken,wakker maar liggen nog in bed zo ook mina de baboe 21e lacht verleidelijk tegen mij de deken gooit ze weg 
4,4,03392.txt,De vergeten dagboeken,natuurlijk weer heerlijk was bespreken we de mogelijkheden om een baboe te krijgen dick heeft natuurlijk weer geweldige plannen en beloften 
5,5,03392.txt,De vergeten dagboeken,kletsen hij zal zorgen dat er binnen het uur een baboe komt ik sta er sceptisch tegenover  
6,6,03392.txt,De vergeten dagboeken,zijn maakt de tafel schoon in één woord een model baboe donderdag 6 februari 1947 tjikalon koelong ik ben vrij en 
7,7,03392.txt,De vergeten dagboeken,de jongens zijn aan het stoeien met de baboe van hier naast eerst laat ik ze hun gang gaan 
8,8,03392.txt,De vergeten dagboeken,het genoeg geweest is onder veel protest stuur ik de baboe naar haar eigen huis maar het blijft nog lang rumoerig 
9,9,03392.txt,De vergeten dagboeken,zwaaiend naar oda mimi tina en hoe al die andere baboe s nog mogen heten vaarwel tjiranjang alweer een episode van 
10,10,03392.txt,De vergeten dagboeken,met de derde compagnie zouden meegaan ik had aan die baboe nog wel gevraagd waar ze woonde maar ik heb alleen 
11,11,03392.txt,De vergeten dagboeken,page 279 jan en kroontje zijn met itje de baboe van de verbindingspost een eindje de kampong in geweest ze 
12,12,03392.txt,De vergeten dagboeken,het was echter te ver zodat ze teruggegaan zijn de baboe lacht hun uit  
13,13,03392.txt,De vergeten dagboeken,al onder de klamboe lig zie ik dat kees onze baboe onna mee neemt onder de klamboe hij doet of het 
14,14,03392.txt,De vergeten dagboeken,je welste dan komt er een heel gedonder over de baboes eerst willen ze alle twee bij ons in de weap 
15,15,03392.txt,De vergeten dagboeken,ons in de weap dan komt van rundberg met de baboe van de v.p die moet ook in de weap daarna 
16,16,03392.txt,De vergeten dagboeken,in de weap daarna komt de telefoonsectie vragen of hun baboe ook in de weap mag enfin het is een gekkenhuis 
17,17,03392.txt,De vergeten dagboeken,het is een gekkenhuis en op het eind moeten alle baboes in een drietonner maar dan komt kees de chauffeur van 
18,18,03392.txt,De vergeten dagboeken,ze ligt op bed en is een beetje overspannen en baboe is er vandaag niet goed dan kom ik morgen wel 
19,19,03392.txt,De vergeten dagboeken,al gauw een 15 wght met een heel stel baboes een leuk ritje naar tjimelakka jammer dat het maar vijf 
20,20,03392.txt,De vergeten dagboeken,ga ik verder de kampong in en vraag naar een baboe die voor ons wil werken maar de mensen zijn nog 
21,21,03392.txt,De vergeten dagboeken,terug en ik spreek af met het grietje dat de baboe om twee uur bij haar huis zal zijn het grietje 
22,22,03392.txt,De vergeten dagboeken,troep van die schoffies voor de deur ze hebben een baboe ik loop mee drie huizen verder staat het wonder ze 
23,23,03392.txt,De vergeten dagboeken,is het niet een schoonheid evenmin maar we hebben een baboe vrijdag 27 februari 1948 telaga  
24,24,03392.txt,De vergeten dagboeken,ik weer bij aangewezen het huis geen man en geen baboe te zien woensdag 3 maart 1948 telaga  
25,25,03392.txt,De vergeten dagboeken,het werk en de boel knapt reusachtig op met deze baboe zal het wel gaan ze blijkt vroeger als baboe in 
26,26,03392.txt,De vergeten dagboeken,deze baboe zal het wel gaan ze blijkt vroeger als baboe in bandoeng gewerkt te hebben en spreekt zelfs een beetje 
27,27,03392.txt,De vergeten dagboeken,we worden begroet door genie koos en de baboes onna en roekia die echt blij zijn dat de toeans 
28,28,03392.txt,De vergeten dagboeken,kees dat hij hem vannacht in het hok achter de baboes gegooid heeft omdat hij zo schreeuwde ik vind het katje 
29,29,03392.txt,De vergeten dagboeken,we worden ontvangen als ere-gasten krijgen thee en koek de baboes van de verbinding hebben ook een ere plaatsje en worden 
30,1,03394.txt,Herinneringen van een Roodborstje : verhalen uit de periode 1947-1950 doorgebracht bij het 4e bataljon 5e Regiment Infanterie op Oost-Java in het voormalige Nederlands Oost-Indie?,bruiloftsstoet 21 10 geestelijk leven 23 11 buitenstaander 25 12 baboe 27 12 aapje 30 13 delicatesse 34 14 heterdaad 36 
31,2,03394.txt,Herinneringen van een Roodborstje : verhalen uit de periode 1947-1950 doorgebracht bij het 4e bataljon 5e Regiment Infanterie op Oost-Java in het voormalige Nederlands Oost-Indie?,de eerste verbazing iaar was bekomen besefte ik dat mijn baboe mij voor een soort stiekeme pedofiel hield vrij zeker tot 
32,3,03394.txt,Herinneringen van een Roodborstje : verhalen uit de periode 1947-1950 doorgebracht bij het 4e bataljon 5e Regiment Infanterie op Oost-Java in het voormalige Nederlands Oost-Indie?,bij elkaar zat de onderofficier vertelde mij dat dit de baboes waren die waren de aangesteld voor het wassen van de 
33,4,03394.txt,Herinneringen van een Roodborstje : verhalen uit de periode 1947-1950 doorgebracht bij het 4e bataljon 5e Regiment Infanterie op Oost-Java in het voormalige Nederlands Oost-Indie?,de post had bezet per tien soldaten was organiek één baboe beschikbaar zon n p baboe was in de voeding bij 
34,5,03394.txt,Herinneringen van een Roodborstje : verhalen uit de periode 1947-1950 doorgebracht bij het 4e bataljon 5e Regiment Infanterie op Oost-Java in het voormalige Nederlands Oost-Indie?,tien soldaten was organiek één baboe beschikbaar zon n p baboe was in de voeding bij de troep en werd voor 
35,6,03394.txt,Herinneringen van een Roodborstje : verhalen uit de periode 1947-1950 doorgebracht bij het 4e bataljon 5e Regiment Infanterie op Oost-Java in het voormalige Nederlands Oost-Indie?,die zegt dat ze graag baboe bij de soldaten wil worden hoe moet ik daarmee 8e 
36,7,03394.txt,Herinneringen van een Roodborstje : verhalen uit de periode 1947-1950 doorgebracht bij het 4e bataljon 5e Regiment Infanterie op Oost-Java in het voormalige Nederlands Oost-Indie?,8e aan als omdat tom dwars alle zaken regelde betreffende baboes en djongossen nam hij ien het gesprek over laat ze 
37,8,03394.txt,Herinneringen van een Roodborstje : verhalen uit de periode 1947-1950 doorgebracht bij het 4e bataljon 5e Regiment Infanterie op Oost-Java in het voormalige Nederlands Oost-Indie?,niet goedkope sarong en dito kanten kabaja terwijl al onze baboes op len blote voeten liepen droeg zij met gratie een 
38,9,03394.txt,Herinneringen van een Roodborstje : verhalen uit de periode 1947-1950 doorgebracht bij het 4e bataljon 5e Regiment Infanterie op Oost-Java in het voormalige Nederlands Oost-Indie?,haar dat ons onderdeel voorzien was van het organieke aantal baboes en dat hij haar dus niet mocht aannemen ze was 
39,10,03394.txt,Herinneringen van een Roodborstje : verhalen uit de periode 1947-1950 doorgebracht bij het 4e bataljon 5e Regiment Infanterie op Oost-Java in het voormalige Nederlands Oost-Indie?,surabaya stond in de bijgebouwtjes achter deze panden vonden de baboes onderdak eén en ander voor zover deze dames niet in 
40,1,03395.txt,Het reizende bataljon : herdenkingsboek 8 RS,dronken gevoerd en werd getracht mij een van hun vele baboes aan te smeren die gelukkig zei tida mau toean dat 
41,1,03396.txt,Als de natuur zwijgt (1945),wassen is niet meer nodig de meeste secties hebben een baboe die voor hen dagelijks de kleren wast en strijkt strijken 
42,2,03396.txt,Als de natuur zwijgt (1945),wassen is niet meer nodig de meeste secties hebben een baboe die voor hen dagelijks de kleren wast en strijkt strijken 
43,3,03396.txt,Als de natuur zwijgt (1945),naar ons roepen tabeh toean zit me daar warempel onze sectiebaboe op het balkon dagelijks komt ze onze kleren wassen en 
44,4,03396.txt,Als de natuur zwijgt (1945),is een rustige omgeving en hopelijk vinden we hier een baboe voor onze was ondanks al dat primitieve gedoe krijgen ze 
45,1,03398.txt,Op de plaats rust,m m mm wij konden het goed vinden met onze baboes voor een geliefd decor de sierlijke palmboom poseerden zij met 
46,2,03398.txt,Op de plaats rust,wat zouden dan die meisjes kijken nu kijkt zelfs de baboe niet stel je voor dat ons majoortje s morgens vroeg 
47,1,03400.txt,Voor ik het nooit vergeet : herinneringen van een 4-2 R.I'er op Noord-Sumatra : gebaseerd op dagboekaantekeningen over de periode van 7 november 1946 tot en met 24 februari 1950,het ogenblik ringworm en rode hond het jeukt ontzettend de baboe is net op bezoek geweest en het kleine chinese meisje 
48,2,03400.txt,Voor ik het nooit vergeet : herinneringen van een 4-2 R.I'er op Noord-Sumatra : gebaseerd op dagboekaantekeningen over de periode van 7 november 1946 tot en met 24 februari 1950,met het uitdelen van rijst en katoen aan de honderdvijftig baboes en koelies van ons bataljon krentenbrood vandaag wel lekker maar 
49,3,03400.txt,Voor ik het nooit vergeet : herinneringen van een 4-2 R.I'er op Noord-Sumatra : gebaseerd op dagboekaantekeningen over de periode van 7 november 1946 tot en met 24 februari 1950,page 77 talen aan de baboes en koelies druk dus er is een grote actie ingezet 
50,4,03400.txt,Voor ik het nooit vergeet : herinneringen van een 4-2 R.I'er op Noord-Sumatra : gebaseerd op dagboekaantekeningen over de periode van 7 november 1946 tot en met 24 februari 1950,er elke dag wel acht soldaten hebben recht op één baboe voor de een complete verschoning van ondergoed tot was en 
51,5,03400.txt,Voor ik het nooit vergeet : herinneringen van een 4-2 R.I'er op Noord-Sumatra : gebaseerd op dagboekaantekeningen over de periode van 7 november 1946 tot en met 24 februari 1950,frans probleempje even is het stil ik hoor buiten de baboe schuifelen over de pendopo ze komt de vuile was ophalen 
52,6,03400.txt,Voor ik het nooit vergeet : herinneringen van een 4-2 R.I'er op Noord-Sumatra : gebaseerd op dagboekaantekeningen over de periode van 7 november 1946 tot en met 24 februari 1950,naar bindjei rijst halen om uit te delen aan de baboes stukje voor de gong geschreven 14 augustus 1948 weer wat 
53,7,03400.txt,Voor ik het nooit vergeet : herinneringen van een 4-2 R.I'er op Noord-Sumatra : gebaseerd op dagboekaantekeningen over de periode van 7 november 1946 tot en met 24 februari 1950,in één keer geslacht gebraden en opgediend door onze onvolprezen baboe marianne omdat de schaal zo hoog was opgeladen met kippenboutjes 
54,8,03400.txt,Voor ik het nooit vergeet : herinneringen van een 4-2 R.I'er op Noord-Sumatra : gebaseerd op dagboekaantekeningen over de periode van 7 november 1946 tot en met 24 februari 1950,de baboe en de djongos waren ervan overtuigd dat het een civetkat 
55,1,03402.txt,Orde en vrede' : de humanitaire/militaire missie in Nederlands Oost-IndiÃ« 1945-1950 (1997),mocht hijzelf wassen tenzij het mogelijk was geweest om een baboe te organiseren de onderkomens waren meestal niet zo riant en 
56,1,03404.txt,IndonesiÃ« op het tweede gezicht : een laat weerzien met terugblikken naar toen,ook nadrukkelijk de vraag op wat gebeurt er met de baboe en de djongos ais wij verdwenen zijn hoe zal hun 
57,2,03404.txt,IndonesiÃ« op het tweede gezicht : een laat weerzien met terugblikken naar toen,wind atap soort dakbedekking atas semua voor alles babi varken baboe babu hulp in de huishouding baik goed gunstig bajar membajar 
58,1,03405.txt,50 jaar na dato' 1946-1996,7 page 10 baboe en de djongos wie heeft ze niet gehad en wie 
59,2,03405.txt,50 jaar na dato' 1946-1996,ze niet gehad en wie heeft ze niet gekend jje baboe en de djongos die werkten voor een krent wat had 
60,3,03405.txt,50 jaar na dato' 1946-1996,de djongos die werkten voor een krent wat had zon baboe het moeilijk en zwaar ioe kreeg en hield ze al 
61,4,03405.txt,50 jaar na dato' 1946-1996,3apoen dat moest de baboe hebben voor het wassen jo hurkte ze aan de kali 
62,1,03409.txt,Thuisreis van het 3e bataljon Stoottroepen met het M.S. Kota-Inten Tandjong-Priok/Rotterdam,van inladen is daar een laatste groet aan de vertrouwde baboes en djonggossen en aan de kampongbevolking die aan weerszijden van 
63,2,03409.txt,Thuisreis van het 3e bataljon Stoottroepen met het M.S. Kota-Inten Tandjong-Priok/Rotterdam,4e compie page 46 page 47 woordvertalina patria kampong toekankajoe baboe djongos havengoedang koelie mandoer teng-teng kretek tampat passar kalie k.n.i.l 
64,1,03410.txt,Militaire politie in Nederlands-IndiÃ« 1945-1951,burgerpersoneel dat ten behoeve van het detachement diensten verrichtte als baboe-tjoetji wasvrouw en koki kokki  
65,2,03410.txt,Militaire politie in Nederlands-IndiÃ« 1945-1951,uitrusting meestal uitgevoerd in onderkleding deze werd dagelijks door de wasbaboes één baboe verzorgde zes man gereinigd teneinde verwisseling van de 
66,3,03410.txt,Militaire politie in Nederlands-IndiÃ« 1945-1951,uitgevoerd in onderkleding deze werd dagelijks door de wasbaboes één baboe verzorgde zes man gereinigd teneinde verwisseling van de te wassen 
67,4,03410.txt,Militaire politie in Nederlands-IndiÃ« 1945-1951,gemerkt met zo mogelijk onuitwisbare inkt dit leverde voor de baboes veelal analfabeet geen problemen op  
68,5,03410.txt,Militaire politie in Nederlands-IndiÃ« 1945-1951,het burgerpersoneel zoals de baboes djongossen koks technischen administratief personeel stond bloot aan bedreigingen met 
69,1,03411.txt,De Indie?gangers : over de in de jaren 1945-1950 uit Hardinxveld en Giessendam uitgezonden militairen in de oorlog met de Republiek Indonesie?,van geestelijke en sexuele aard de inlandse vrouwen vooral de wasbaboes in de kazernes zijn een gevaar de ontspanning die de 
70,2,03411.txt,De Indie?gangers : over de in de jaren 1945-1950 uit Hardinxveld en Giessendam uitgezonden militairen in de oorlog met de Republiek Indonesie?,zoals mannen die de vrachtwagens laadden en losten en de baboes met zes man hadden we een baboe voor het opruimen 
71,3,03411.txt,De Indie?gangers : over de in de jaren 1945-1950 uit Hardinxveld en Giessendam uitgezonden militairen in de oorlog met de Republiek Indonesie?,losten en de baboes met zes man hadden we een baboe voor het opruimen van de kamers wassen strijken en dergelijke 
72,4,03411.txt,De Indie?gangers : over de in de jaren 1945-1950 uit Hardinxveld en Giessendam uitgezonden militairen in de oorlog met de Republiek Indonesie?,inlandse bevolking had je behalve met het eigen personeel zoals baboes en djongossen weinig contact maar als ik onderweg in een 
73,5,03411.txt,De Indie?gangers : over de in de jaren 1945-1950 uit Hardinxveld en Giessendam uitgezonden militairen in de oorlog met de Republiek Indonesie?,aanen afvoer troepen arp anti-revolutionaire partij bahasa indonesia indonesische taal baboe vrouwelijke indonesische huisbediende of wasvrouw belanda nederlander  
74,1,03414.txt,Herinneringen = Memoirs,ik vond al vlug een geschikte baboe die ons trouw gediend heeft tot de dag dat ze 
75,2,03414.txt,Herinneringen = Memoirs,holland with his family i knew he had brought a baboe with him from java so i went to enquire there 
76,1,03415.txt,De wedergeboorte van het Vliegveld Pakan Baroe tijdens en na de tweede politionele actie,dan 8 man we hadden dus nu recht op een baboe  
77,2,03415.txt,De wedergeboorte van het Vliegveld Pakan Baroe tijdens en na de tweede politionele actie,optocht van drums rollende militairen djongossen burgers en zelfs de baboe hielp mee het halen van de benzinedrums was gemakkelijk het 
78,3,03415.txt,De wedergeboorte van het Vliegveld Pakan Baroe tijdens en na de tweede politionele actie,en haar kinderen die onmiddellijk bezit namen van hun roema baboe waarop voor eenmaal de nederlandse vlag stond  
79,4,03415.txt,De wedergeboorte van het Vliegveld Pakan Baroe tijdens en na de tweede politionele actie,we hadden het met onze baboe goed getroffen ze was goed in alles wat een huishoudelijke 
80,5,03415.txt,De wedergeboorte van het Vliegveld Pakan Baroe tijdens en na de tweede politionele actie,9r|be subs i ssssssk me m jggst fa voor onze baboe kwam nog een verrassing op de een of andere manier 
81,6,03415.txt,De wedergeboorte van het Vliegveld Pakan Baroe tijdens en na de tweede politionele actie,de auto onze mandoer de dochter van ah min onze baboe boeng de trouwe djongos en jim beudeker op het bord 
82,1,03416.txt,De grote patrouille : belevenissen van het bataljon 5-4 R.I. in Zuid- en Oost-Borneo Zuid-Sumatra en Oost-Java in de jaren 1947 1948 1949 1950,in de huishouding hebben ze niet veel te doen de baboe zorgt voor de was de kokkie voor het eten en 
83,2,03416.txt,De grote patrouille : belevenissen van het bataljon 5-4 R.I. in Zuid- en Oost-Borneo Zuid-Sumatra en Oost-Java in de jaren 1947 1948 1949 1950,alang-alang hoog rietachtig gras b.b binnenlands bestuur bat bataljon baboe dienstmeid of wasvrouw beland hollander sren lichte mitrailleur break down 
84,1,03417.txt,En weer werd de vijand verslagen' : dagboek Hein Peeters Tjipanas 21 juli 1947 : de Baarlose jongens in Indie? 1945-1950,bar slecht we hebben al twee maanden honger geleden de baboes hebben gestaakt omdat ze geen geld meer krijgen de betaalmeester 
85,2,03417.txt,En weer werd de vijand verslagen' : dagboek Hein Peeters Tjipanas 21 juli 1947 : de Baarlose jongens in Indie? 1945-1950,inschrijvingsregisters en dienstplichtkaarten ongeordend 321 1865 page 174 verklarende woordenlijst baboe belanda demarcatielijn dessa extremist goenoeng kali kampong klamboe loerah pasar 
86,1,03418.txt,Levenslang op patrouille (1946),radio hadden wij niet t.v bestond nog niet de baboes deden de was de kokkis kookten voor ons de djongossen 
87,2,03418.txt,Levenslang op patrouille (1946),page 31 iedereen was op zijn qui-vive de baboes en djongossen hadden we op hun verzoek meegenomen en die 
88,3,03418.txt,Levenslang op patrouille (1946),met aardige meisjes het was wel wat anders dan de baboes van sapuran  
89,4,03418.txt,Levenslang op patrouille (1946),echter geen woord javaans verstond nam ik als tolk mijn was-baboe asmina mee na afloop van de bespreking ging ik met 
90,5,03418.txt,Levenslang op patrouille (1946),geen kleren had antwoordde ik helemaal voor niets vroeg de baboe verbijsterd  
91,6,03418.txt,Levenslang op patrouille (1946),meisje in mijn onnozelheid antwoordde ik bevestigend nu wist de baboe genoeg in het bijzijn van het kind en van mij 
92,7,03418.txt,Levenslang op patrouille (1946),van de verbazing bekomen was besefte ik pas dat mijn baboe mij voor een soort pedofiel hield ze was teleurgesteld toen 
93,1,03419.txt,Hallo hallo hier zijn we weer ... : Henk Wieringa in Nederlands-Indie? (1946-1949),maar niet meer we hebben hier met 5 man een baboe s morgens om half acht staat ze al bij je 
94,2,03419.txt,Hallo hallo hier zijn we weer ... : Henk Wieringa in Nederlands-Indie? (1946-1949),enz net een bajes zon gevoel heb je dan de baboe is eventjes water halen het druist regelrecht tegen je principes 
95,3,03419.txt,Hallo hallo hier zijn we weer ... : Henk Wieringa in Nederlands-Indie? (1946-1949),03 vanmorgen lag ik nog in bed toen had de baboe minie heet ze al brood en thee voor me gehaald 
96,4,03419.txt,Hallo hallo hier zijn we weer ... : Henk Wieringa in Nederlands-Indie? (1946-1949),schei er uit want ik moet inspectie houden onder de baboes want ze hebben de gewoonte om onze handdoeken om dr 
97,5,03419.txt,Hallo hallo hier zijn we weer ... : Henk Wieringa in Nederlands-Indie? (1946-1949),ik heb soms de lelijke gewoonte om tegen minie mn baboe een vloek te uiten dan vraagt ze met een bedroefd 
98,6,03419.txt,Hallo hallo hier zijn we weer ... : Henk Wieringa in Nederlands-Indie? (1946-1949),surinamers werden met revolvers neergelegd we hebben ook een nieuwe baboe want de oude beviel ons niet meer de nieuwe heet 
99,7,03419.txt,Hallo hallo hier zijn we weer ... : Henk Wieringa in Nederlands-Indie? (1946-1949),een flesje ijskoud lion bier voor me buiten zijn de baboes aan het zingen of liever gezegd aan het huilen ze 
100,8,03419.txt,Hallo hallo hier zijn we weer ... : Henk Wieringa in Nederlands-Indie? (1946-1949),geslapen hoor de zaaik draait intussen al weer huriy-up de baboes staan al weer op de kop in het water te 
101,1,03420.txt,Zeemilicien bij de Mariniersbrigade,dan ook danig van lang als hij een opmerking richting baboe of andere vrouw maakte we hebben hem zelfs diverse malen 
102,2,03420.txt,Zeemilicien bij de Mariniersbrigade,foto er één van een soort heilige slapen met de baboe het heeft geen zin te ontkennen dat er zo nu 
103,3,03420.txt,Zeemilicien bij de Mariniersbrigade,ontkennen dat er zo nu en dan ook met de baboes werd geslapen teneinde de sexuele driften enigszins te beteugelen dat 
104,4,03420.txt,Zeemilicien bij de Mariniersbrigade,man of meer waar de dokter of de ziekenverpleger de baboes eerst keurden  
105,5,03420.txt,Zeemilicien bij de Mariniersbrigade,marinier uitteketting dan riepen wij die is getrouwd met zijn baboe dat was wel niet zo leuk maar toch werd de 
106,1,03421.txt,Naar de Oost : oorlogsvrijwilligers naar Nederlands Indie? 1945-1948,2e baboee diepen in een gebouwtje aan de andene kant aan de 
107,2,03421.txt,Naar de Oost : oorlogsvrijwilligers naar Nederlands Indie? 1945-1948,meisjes van onze achterburen huilden tranen met tuiten en de baboes keken weemoedig daar gingen we dan na een verblijf van 
108,1,03422.txt,Gedenkboek oud-Indie?gangers gemeente Dalfsen 1945-1950,28 enige baboes werden bedreigd door peloppers omdat ze voor ons werkten maar 
109,2,03422.txt,Gedenkboek oud-Indie?gangers gemeente Dalfsen 1945-1950,soldaten maar ook meubelen en fietsen en tussen dat alles baboes en djongossen die graag meegingen naar ambarawa waar het grote 
110,3,03422.txt,Gedenkboek oud-Indie?gangers gemeente Dalfsen 1945-1950,werden de tafels met alles erop omgekeerd en kwamen de baboes binnen om de rommel bij elkaar te vegen met zeer 
111,1,03423.txt,De hemelse kwartiermaker : brieven van een jonge Maastrichtse oorlogsvrijwilliger aan zijn thuisfront 1945-1947,totaal 2 97 1 st zoutwater-zeep gratis wm liffiéö pr baboes aan de was juli 1947  
112,2,03423.txt,De hemelse kwartiermaker : brieven van een jonge Maastrichtse oorlogsvrijwilliger aan zijn thuisfront 1945-1947,later wel we slapen met vijven in n hut de baboe haalt iedere morgen de was weg en brengt ze s 
113,1,03426.txt,Soldaat in Indie? 1948-1950 5-8-RI,èisïfiê issffe d 1 fe j ssüü toean besar dankzij baboe p h page 17 martapura aan de komering page 18 
114,1,03427.txt,Na vijftig jaar : dagboekherinneringen van een soldaat in Indie? 1949-1950,liggen zei hij later iedereen ging gauw mandiën en de baboes maakten de geweren schoon  
115,2,03427.txt,Na vijftig jaar : dagboekherinneringen van een soldaat in Indie? 1949-1950,toegevoegd hij is een stuk ouder vrijgezel hij heeft een baboe voor zich alleen wij met zijn allen hebben we organiek 
116,3,03427.txt,Na vijftig jaar : dagboekherinneringen van een soldaat in Indie? 1949-1950,zich alleen wij met zijn allen hebben we organiek een baboe per 8 of 10 man alleen voor de was en 
117,4,03427.txt,Na vijftig jaar : dagboekherinneringen van een soldaat in Indie? 1949-1950,brand arm volk page 42 siti iffl wnh hl onze baboe van het peloton siti was onze baboe in probolinggo was 
118,5,03427.txt,Na vijftig jaar : dagboekherinneringen van een soldaat in Indie? 1949-1950,wnh hl onze baboe van het peloton siti was onze baboe in probolinggo was ze in dienst van ons peloton gekomen 
119,6,03427.txt,Na vijftig jaar : dagboekherinneringen van een soldaat in Indie? 1949-1950,brandende houtskool erin arang behalve siti hadden we nog meer baboes maar de namen zijn me ontschoten siti was de hoofdbaboe 
120,7,03427.txt,Na vijftig jaar : dagboekherinneringen van een soldaat in Indie? 1949-1950,baboes maar de namen zijn me ontschoten siti was de hoofdbaboe we hadden per 8 man een baboe ze hielpen ook 
121,8,03427.txt,Na vijftig jaar : dagboekherinneringen van een soldaat in Indie? 1949-1950,siti was de hoofdbaboe we hadden per 8 man een baboe ze hielpen ook de kok en maakten de kamers schoon 
122,9,03427.txt,Na vijftig jaar : dagboekherinneringen van een soldaat in Indie? 1949-1950,zou nooit meer wennen in de burgermaatschappij als theeplukster of baboe bij een planter  
123,10,03427.txt,Na vijftig jaar : dagboekherinneringen van een soldaat in Indie? 1949-1950,als er onverhoopt een jongen verliefd werd op een baboe zorgde siti dat er een eind aankwam in het ergste 
124,11,03427.txt,Na vijftig jaar : dagboekherinneringen van een soldaat in Indie? 1949-1950,er een eind aankwam in het ergste geval werd de baboe weggestuurd siti bleef tot op het laatst trouw aan ons 
125,1,03428.txt,2046 : 7de A.A.T. Compagnie O.V.W.-ers,nog maar eens om en.de deur ging open en vier baboes kwamen sloffend naar binnen en beginnen ijverig brood klaar te 
126,2,03428.txt,2046 : 7de A.A.T. Compagnie O.V.W.-ers,opmerking van ijdhun 24 uur gelukkig voor hun nokken de baboes af voor de de meesten was de slaap over en 
127,3,03428.txt,2046 : 7de A.A.T. Compagnie O.V.W.-ers,was een goede 30 km en het lag halverwege de merbaboe een 3142 meter hoge berg aha zeiden we vanavond zijn 
128,4,03428.txt,2046 : 7de A.A.T. Compagnie O.V.W.-ers,de tijd toen wij pas in indië gearriveerd waren met baboes die zich in de kali bevonden en daar kleren aan 
129,1,03429.txt,"Soldaat E. Kerkdijk : registratienummer 25.12.12.159,soedanezen mohammedaans zijn en zodoende de meeste koelies djongossen en baboes niet werkten en tevens omdat het de laatste dag was 
130,2,03429.txt,"Soldaat E. Kerkdijk : registratienummer 25.12.12.159,dat er iets in de lucht hangt hebben zelfs de baboes en de djongossen in de gaten en die zijn nog 
131,3,03429.txt,"Soldaat E. Kerkdijk : registratienummer 25.12.12.159,met een colonne van 7 wagens 5 wagens met meubilair baboes djongossen enz enz en de andere 2 zaten wij op 
132,4,03429.txt,"Soldaat E. Kerkdijk : registratienummer 25.12.12.159,op natuurlijke wijze overleden bij vertrek van post tjibaroesa staan baboes djongossen te gillen te wuiven wij laten kisten maken voor 
133,1,03430.txt,Portret mozaik spandrich Bonnet : Belanda - Indonesia - Belanda = Portret in mozaiek van soldaat 1e klas Kees Bonnet : Nederland - Indonesie - Nederland.,47 wsbm wêsm mam v probolinggo rond de waterput de baboes doende met de was jfei ipf^i r m i links 
134,2,03430.txt,Portret mozaik spandrich Bonnet : Belanda - Indonesia - Belanda = Portret in mozaiek van soldaat 1e klas Kees Bonnet : Nederland - Indonesie - Nederland.,bamhoom was laat op hij had ook wacht gehad de baboe was nog op de kamer jan nog in zijn pyjama 
135,3,03430.txt,Portret mozaik spandrich Bonnet : Belanda - Indonesia - Belanda = Portret in mozaiek van soldaat 1e klas Kees Bonnet : Nederland - Indonesie - Nederland.,rekte zich behaaglijk uit en maakte een grap met de baboe hij sprak immers zo goed maleisnam de baboe in zijn 
136,4,03430.txt,Portret mozaik spandrich Bonnet : Belanda - Indonesia - Belanda = Portret in mozaiek van soldaat 1e klas Kees Bonnet : Nederland - Indonesie - Nederland.,met de baboe hij sprak immers zo goed maleisnam de baboe in zijn armen en drukte haar stevig tegen zich aan 
137,5,03430.txt,Portret mozaik spandrich Bonnet : Belanda - Indonesia - Belanda = Portret in mozaiek van soldaat 1e klas Kees Bonnet : Nederland - Indonesie - Nederland.,in de schaduw van de grote bomen jmm êëm de baboes twee worden omarmd door kees page 57 na zon lange 
138,6,03430.txt,Portret mozaik spandrich Bonnet : Belanda - Indonesia - Belanda = Portret in mozaiek van soldaat 1e klas Kees Bonnet : Nederland - Indonesie - Nederland.,grote huis was ingenomen ik kreeg een badhokje toegewezen de baboe kwam naar mij toe en vroeg waar slapen jouw bed 
139,7,03430.txt,Portret mozaik spandrich Bonnet : Belanda - Indonesia - Belanda = Portret in mozaiek van soldaat 1e klas Kees Bonnet : Nederland - Indonesie - Nederland.,slapen jouw bed ik wees naar mijn privékamer een andere baboe kwam ook aan mij vragen waar slapen jouw bed ik 
140,8,03430.txt,Portret mozaik spandrich Bonnet : Belanda - Indonesia - Belanda = Portret in mozaiek van soldaat 1e klas Kees Bonnet : Nederland - Indonesie - Nederland.,waar slapen jouw bed ik zei dat ik al een baboe had de twee baboes kregen ruzie om mij daar bemoeide 
141,9,03430.txt,Portret mozaik spandrich Bonnet : Belanda - Indonesia - Belanda = Portret in mozaiek van soldaat 1e klas Kees Bonnet : Nederland - Indonesie - Nederland.,ik zei dat ik al een baboe had de twee baboes kregen ruzie om mij daar bemoeide ik me niet mee 
142,10,03430.txt,Portret mozaik spandrich Bonnet : Belanda - Indonesia - Belanda = Portret in mozaiek van soldaat 1e klas Kees Bonnet : Nederland - Indonesie - Nederland.,de baboe helpen op een morgen zat ik wat verveeld in de 
143,11,03430.txt,Portret mozaik spandrich Bonnet : Belanda - Indonesia - Belanda = Portret in mozaiek van soldaat 1e klas Kees Bonnet : Nederland - Indonesie - Nederland.,ik wat verveeld in de grote kamer eén van de baboeszij was nog niet zo lang bij onswas een magere wat 
144,12,03430.txt,Portret mozaik spandrich Bonnet : Belanda - Indonesia - Belanda = Portret in mozaiek van soldaat 1e klas Kees Bonnet : Nederland - Indonesie - Nederland.,moeilijk omdat we de hulp moesten inroepen van de andere baboes wanneer wij haar wat wilden vragen kwam zij van madoera 
145,13,03430.txt,Portret mozaik spandrich Bonnet : Belanda - Indonesia - Belanda = Portret in mozaiek van soldaat 1e klas Kees Bonnet : Nederland - Indonesie - Nederland.,aan de andere kant van de kamer te vegen de baboe keek even op zij zag mij ook vegen gooide haar 
146,14,03430.txt,Portret mozaik spandrich Bonnet : Belanda - Indonesia - Belanda = Portret in mozaiek van soldaat 1e klas Kees Bonnet : Nederland - Indonesie - Nederland.,neer en liep gillend hysterisch huilend weg met een andere baboe kwam zij terug waarom toean kees zeggen zij viespeuk ik 
147,15,03430.txt,Portret mozaik spandrich Bonnet : Belanda - Indonesia - Belanda = Portret in mozaiek van soldaat 1e klas Kees Bonnet : Nederland - Indonesie - Nederland.,de aap van freek schoolenberg 41 de apen 21 de baboe helpen 24 de bedden 13 de duif 38 de familie 
148,1,03431.txt,Een stilte die spreekt : herdenken in diversiteit,meer was ik ben op zoek gegaan naar mijn oude kinderbaboe ik vond haar niet terug en realiseerde me met spijt 
149,1,03433.txt,De rijst is al pap geworden : Indie?-veteranen vertellen hun verhaal,rustig winkelen ilf if 11111 erffin page 21 m*r 13 baboes doen de was 14 aardappelen schillen in de tropen page 
150,2,03433.txt,De rijst is al pap geworden : Indie?-veteranen vertellen hun verhaal,wij hadden als soldaten bedienden ter beschikking meest jonge vrouwen baboes en jonge mannen djongossen zij deden voor ons de was 
151,3,03433.txt,De rijst is al pap geworden : Indie?-veteranen vertellen hun verhaal,met mijn baboe santani ging het niet zo goed ik zei tegen een 
152,4,03433.txt,De rijst is al pap geworden : Indie?-veteranen vertellen hun verhaal,sommige jongens leefden met hun baboe als getrouwde stellen page 108 in pasoeroean ging een van 
153,5,03433.txt,De rijst is al pap geworden : Indie?-veteranen vertellen hun verhaal,getrouwde stellen page 108 in pasoeroean ging een van de baboes naar tjermee ik vroeg haar of ze wilde informeren naar 
154,6,03433.txt,De rijst is al pap geworden : Indie?-veteranen vertellen hun verhaal,santani gevonden santani zelf heeft een moeilijk leven gehad als baboe voor de hollanders werken was nog net acceptabel maar een 
155,1,03435.txt,Mijn leven : autobiografie,hoefde we nu zelf niet te doen daar hadden ze baboes voor javaanse meisjes die dat werk deden zij werden door 
156,2,03435.txt,Mijn leven : autobiografie,schrijven kon toch af en toe een brieije schreef onze baboes werkten goe je had hier veel kleding nodig want je 
157,3,03435.txt,Mijn leven : autobiografie,hoorde daar ook bij alles ging gewoon zijn gang onze baboes vonden er ook niets aan dat wij weg gingen want 
158,4,03435.txt,Mijn leven : autobiografie,te drinken gebracht er liepen wel een stuk of tien baboes rond daarna was er nog wat te eten daar was 
159,1,03437.txt,De laatste patrouille' : episode 1946-1950 Midden-Java,mijn zijde het mooiste meisje wat er maar zijn kon.(alle baboe gezichten verbleekten hierbij verdomme jammer dat ik wakker werd die 
160,2,03437.txt,De laatste patrouille' : episode 1946-1950 Midden-Java,luierde sliep lang keek wat meer naar de mooie slanke baboes en nam me voor weer aktief te worden op ander 
161,3,03437.txt,De laatste patrouille' : episode 1946-1950 Midden-Java,en blies de rook in kringen omhoog zullen we onze baboe vragen of ze zich uitkleed voor ons hij keek me 
162,4,03437.txt,De laatste patrouille' : episode 1946-1950 Midden-Java,genoeg in de kampongs om ons heen."we vragen of onze baboe hem niet een paar nachten onder haar hoede wil nemen 
163,5,03437.txt,De laatste patrouille' : episode 1946-1950 Midden-Java,terug scharrelde links en rechts een beetje met een mooie baboe en genoten zelfs van deze troebele tijd aalmoezeniers kwamen en 
164,1,03438.txt,Dikke zoen voor Moeke : brieven van een soldaat in IndiÃ« 1949-1950,kasten stoelen enz plus twee grammofoons met banjak platen twee baboes doen de was en we hebben een djongos voor allerlei 
165,2,03438.txt,Dikke zoen voor Moeke : brieven van een soldaat in IndiÃ« 1949-1950,we hebben een stel baboes die zijn allemaal stapelgek geloof ik want het ene ogenblik 
166,3,03438.txt,Dikke zoen voor Moeke : brieven van een soldaat in IndiÃ« 1949-1950,door de peloppers vermoord fraaie lui hoor nu durven de baboes niet meer van de post af te komen lieve moeke 
167,4,03438.txt,Dikke zoen voor Moeke : brieven van een soldaat in IndiÃ« 1949-1950,ze alle bussen en pannetjes worden als trommels gebruikt de baboe zegt tegen me banjak nakal itoe toean wat betekent de 
168,5,03438.txt,Dikke zoen voor Moeke : brieven van een soldaat in IndiÃ« 1949-1950,stoelen achter elkaar en de voorste met een bel de baboes hebben zich een stuip gelachen maar ja we hadden ook 
169,6,03438.txt,Dikke zoen voor Moeke : brieven van een soldaat in IndiÃ« 1949-1950,pt ui ik w im wat moet ik al die baboes laten doen wmm i veldbed klamboe tampalje page 95 onze 
170,7,03438.txt,Dikke zoen voor Moeke : brieven van een soldaat in IndiÃ« 1949-1950,bangil 19-11-1949 al vroeg moest ik lachen om de baboe die we mee hadden genomen vanuit plaosan en die voor 
171,8,03438.txt,Dikke zoen voor Moeke : brieven van een soldaat in IndiÃ« 1949-1950,hele kamp is in rust ik ben wasbaas van de baboes maar ik geloof het wel ze kunnen zonder mij ook 
172,9,03438.txt,Dikke zoen voor Moeke : brieven van een soldaat in IndiÃ« 1949-1950,nodig ik kan dat pak zo inleveren voor nieuw de baboe denkt dat we steeds kleren zelf moeten betalen als dat 
173,10,03438.txt,Dikke zoen voor Moeke : brieven van een soldaat in IndiÃ« 1949-1950,de deur in huis gisteren zondag zijn twee van onze baboes er vandoor gegaan met al het wasgoed plus twee stens 
174,11,03438.txt,Dikke zoen voor Moeke : brieven van een soldaat in IndiÃ« 1949-1950,één van de weinigen die zelfs geen puistje heeft die baboes rinum en astana die ervan door zijn werkten al 12 
175,12,03438.txt,Dikke zoen voor Moeke : brieven van een soldaat in IndiÃ« 1949-1950,van der put page 158 woordenlijst aloon2 stadsplein anak2 kinderen baboeshuisof kindermeid banjak veel barang bagage spullen blanda blanke bokketuig uniformriemen 
176,1,03439.txt,432 - B.I. opdat wij niet vergeten 7 - 1 R.I.,ginds ligt de kampong van onze baboe ook daar blijft het doods en stil een stukje indië 
177,2,03439.txt,432 - B.I. opdat wij niet vergeten 7 - 1 R.I.,terug naar de kamer dankzij de goede zorgen van een baboe kan ik iedere dag beschikken over schoon ondergoed en bovenkleding 
178,3,03439.txt,432 - B.I. opdat wij niet vergeten 7 - 1 R.I.,wassende baboes zo nu nog mijn lage bruine schoenen aangetrokken en ik 
179,4,03439.txt,432 - B.I. opdat wij niet vergeten 7 - 1 R.I.,maar hier lijkt het er meer op of wij de baboe van het volk zijn wij kunnen alles voor ze opknappen 
180,5,03439.txt,432 - B.I. opdat wij niet vergeten 7 - 1 R.I.,uit nantes hij stond er te strijken als de beste baboe die we ooit in het land daar achter ons hadden 
181,1,03440.txt,Spinninghe : Sevenumse Indie?gangers de vleegende Piee?lhaas,aloon aloon groot plein plaats)namen veranderd b.v links oude benaming baboe bandjir vrouwelijke bediende overstroming borneo kalimantan barang bagage celebes sulawesi 
182,2,03440.txt,Spinninghe : Sevenumse Indie?gangers de vleegende Piee?lhaas,toen bleven er nog vier zij bespraken alles met de baboes der compie een der baboes gaf het door aan de 
183,3,03440.txt,Spinninghe : Sevenumse Indie?gangers de vleegende Piee?lhaas,zij bespraken alles met de baboes der compie een der baboes gaf het door aan de t.n.i dit is de moraal 
184,4,03440.txt,Spinninghe : Sevenumse Indie?gangers de vleegende Piee?lhaas,iedereen vrij om te doen waar hij zin in heeft baboes maken de bedden op met lakens en slopen en houden 
185,5,03440.txt,Spinninghe : Sevenumse Indie?gangers de vleegende Piee?lhaas,alles in goud of iets dergelijks omgezet de arme tani baboe en djongos is weer de dupe zij hebben amper geld 
186,6,03440.txt,Spinninghe : Sevenumse Indie?gangers de vleegende Piee?lhaas,soorten zweren heeft hij een hele bus zalf als de baboe zich in de vingers gesneden heeft heeft piet ook nog 
187,7,03440.txt,Spinninghe : Sevenumse Indie?gangers de vleegende Piee?lhaas,en dan de baboes nu jongens op dat gebied moet ik jullie teleurstellen baboes 
188,8,03440.txt,Spinninghe : Sevenumse Indie?gangers de vleegende Piee?lhaas,baboes nu jongens op dat gebied moet ik jullie teleurstellen baboes zijn er hier niet alleen maar flinke grieten lieske heeft 
189,1,03441.txt,Logboek 1-41 RVA : verhalen en wetenswaardigheden,b1 of misschien zelfs al een c1 bericht als de baboe in de kampong iets had gehoord van de sate-verkoper werd 
190,2,03441.txt,Logboek 1-41 RVA : verhalen en wetenswaardigheden,en wapens en munitie halen ons wasgoed wordt verzorgd door baboes die wassen en verstellen  
191,1,03444.txt,Voor orde en vrede,al na drie minuten radiomuziek hadden er is daar zon baboetje dat één en al zorgzaamheid is  
192,2,03444.txt,Voor orde en vrede,gezellig onder de galerij te eten bediend door de onvolprezen baboe vogelaar haalde een blik boter in de stad zodat we 
193,3,03444.txt,Voor orde en vrede,op een uitgestrekte vlakte in het westen waren de vulkanen merbaboe en merapi te zien in het oosten de larere water 
194,4,03444.txt,Voor orde en vrede,djongos huisjongen kardja en baboe sitie dit waren onze verzorgers voor eten en kleding te 
195,5,03444.txt,Voor orde en vrede,dankbaarheid vervult zijn hart hij denkt ook aan de trouwe baboes koelies en djongos vaak zeiden ze hoe zal het zijn 
196,6,03444.txt,Voor orde en vrede,rust dus slapen wat dan ook wel nodig is de baboes wassen en strijken voor ons dus iedere dag schoon goed 
197,1,03445.txt,De prijs van de macht (1945),heb ik ook gedaan de volgende dag heb ik een baboe gevraagd een broek en een hemd voor hem te maken 
198,1,03446.txt,Twee maal oorlog : ervaringen van de Indie?-veteranen uit de gemeente Bemmel die na de Tweede Wereldoorlog werden uitgezonden naar het toenmalige Nederlands Oost Indie?,burgerpersoneel voor het huishoudelijke werk is inlands personeel koelies en baboes aangetrokken de bewaking vindt plaats door inlandse jonge militairen het 
199,2,03446.txt,Twee maal oorlog : ervaringen van de Indie?-veteranen uit de gemeente Bemmel die na de Tweede Wereldoorlog werden uitgezonden naar het toenmalige Nederlands Oost Indie?,moet doen ik kom daardoor in een bevoorrechte positie een baboe voor de was en een djongos voor het onderhoud van 
200,3,03446.txt,Twee maal oorlog : ervaringen van de Indie?-veteranen uit de gemeente Bemmel die na de Tweede Wereldoorlog werden uitgezonden naar het toenmalige Nederlands Oost Indie?,inmiddels hebben wij enkele baboes ingehuurd om het huishoudelijke werk te doen een van de 
201,4,03446.txt,Twee maal oorlog : ervaringen van de Indie?-veteranen uit de gemeente Bemmel die na de Tweede Wereldoorlog werden uitgezonden naar het toenmalige Nederlands Oost Indie?,vrachtwagens voorrijden er is een hartelijk afscheid van de javaanse baboes en djongos pietje en mina zouden aanvankelijk door de commandant 
202,5,03446.txt,Twee maal oorlog : ervaringen van de Indie?-veteranen uit de gemeente Bemmel die na de Tweede Wereldoorlog werden uitgezonden naar het toenmalige Nederlands Oost Indie?,met daarbij de onmisbare klamboe er wordt medegedeeld dat vrouwen wasbaboes zijn aangesteld om de kleding te verzorgen ergo alle wasgoed 
203,6,03446.txt,Twee maal oorlog : ervaringen van de Indie?-veteranen uit de gemeente Bemmel die na de Tweede Wereldoorlog werden uitgezonden naar het toenmalige Nederlands Oost Indie?,we nemen afscheid van vrienden en kennissen de djongos de baboes met vrachtwagens rijden we naar de haven van priok in 
204,7,03446.txt,Twee maal oorlog : ervaringen van de Indie?-veteranen uit de gemeente Bemmel die na de Tweede Wereldoorlog werden uitgezonden naar het toenmalige Nederlands Oost Indie?,krijgen op kosten van de dienst per zes man een baboe toegewezen hun taak is de kleding te wassen en het 
205,8,03446.txt,Twee maal oorlog : ervaringen van de Indie?-veteranen uit de gemeente Bemmel die na de Tweede Wereldoorlog werden uitgezonden naar het toenmalige Nederlands Oost Indie?,wat moet gebeuren we besluiten voor eigen rekening het aantal baboes zodanig uit te breiden dat iedere man van ons peleton 
206,9,03446.txt,Twee maal oorlog : ervaringen van de Indie?-veteranen uit de gemeente Bemmel die na de Tweede Wereldoorlog werden uitgezonden naar het toenmalige Nederlands Oost Indie?,te breiden dat iedere man van ons peleton een eigen baboe heeft we bieden kost en inwoning aan door ze mee 
207,10,03446.txt,Twee maal oorlog : ervaringen van de Indie?-veteranen uit de gemeente Bemmel die na de Tweede Wereldoorlog werden uitgezonden naar het toenmalige Nederlands Oost Indie?,we met de staf van het regiment naar madioen de baboes hebben het bij ons zo goed dat ze meeverhuizen naar 
208,11,03446.txt,Twee maal oorlog : ervaringen van de Indie?-veteranen uit de gemeente Bemmel die na de Tweede Wereldoorlog werden uitgezonden naar het toenmalige Nederlands Oost Indie?,onmisbaar attribuut slaapklaar erboven opgehangen de afwas geselecteerd voor de baboes  
209,12,03446.txt,Twee maal oorlog : ervaringen van de Indie?-veteranen uit de gemeente Bemmel die na de Tweede Wereldoorlog werden uitgezonden naar het toenmalige Nederlands Oost Indie?,gebracht we worden voorlopig ondergebracht in een grote loods waar baboes de gelegenheid krijgen de was te verzorgen voordat we verder 
210,1,03447.txt,Uust me?,plaats van verdediging aan en een beschutte plek voor de baboes met een kist patronen tegenover purwodadi aan de overkant van 
211,2,03447.txt,Uust me?,snel handelend beveel ik de baboe deze mensen te verzorgen en snel naar de militaire post 
212,3,03447.txt,Uust me?,meld je maar bij de baboe zeg ik zij zal je wel aan het werk zetten 
213,4,03447.txt,Uust me?,volgens opdracht verwent de baboe het moedertje uit de verre kampong en ze mag de 
214,5,03447.txt,Uust me?,morgen terug naar haar kampong op een morgen komt de baboe mijn verzorgster naar mij toe tuan zegt ze u bent 
215,1,03448.txt,Kempische militairen in de Oost : herinneringen aan Nederlands-Indie? en Nieuw-Guinea,van de bezwete kleren te ontdoen die direct naar de baboe gingen ondertussen konden we even lekker mandiën dat gebeurde in 
216,2,03448.txt,Kempische militairen in de Oost : herinneringen aan Nederlands-Indie? en Nieuw-Guinea,ik heb dit aan de jongens doorgegeven en ook de baboe gevraagd te willen zorgen dat de kamer netjes in orde 
217,3,03448.txt,Kempische militairen in de Oost : herinneringen aan Nederlands-Indie? en Nieuw-Guinea,niet zonder ook een welgemeende terima kasi aan onze trouwe baboe  
218,4,03448.txt,Kempische militairen in de Oost : herinneringen aan Nederlands-Indie? en Nieuw-Guinea,mm-a n mm page 88 en dit zijn nu de baboes é*r mi isi a page 89 fcsgg 1 m éét"1 
219,5,03448.txt,Kempische militairen in de Oost : herinneringen aan Nederlands-Indie? en Nieuw-Guinea,pas op kijk uit babi varken babi panggang geroosterd varkensvlees baboe meid kindermeisje bagoes mooi bahasa taal barang bagage barangkali misschien 
220,1,03449.txt,Op patrouille in blessuretijd (1946),nooit over praten die vindt het al gauw belachelijk de baboe zou zeggen la maarr ik probeer al een paar jaar 
221,1,03450.txt,De Haantjes in vogelvlucht : het Veluwebataljon I-8 R.I. in IndiÃ« 1945-1948,naar huis de uitgenodigde kampongbevolking en ons eigen personeel met baboes en djongossen genieten met volle teugen van het hollands-indische taaltje 
222,2,03450.txt,De Haantjes in vogelvlucht : het Veluwebataljon I-8 R.I. in IndiÃ« 1945-1948,van een verscheurd tropenland het land van tanige tanis boenende baboes hete sawas en koele bergen  
223,1,03451.txt,Het dagboek van een gesneuvelde soldaat (1948),verplichte rust dus slapen wat dan ook wel nodig de baboes wassen en strijken voor ons dus iedere dag schoon goed 
224,1,03454.txt,1-15 R.I. De Blijvertjes : onbewust voorloper van de Luchtmobiele Brigade,i.d post bodja ii door i.d post bodja werden de baboes en koelies van 3-1-15 r.i gescreend door de i.d te 
225,2,03454.txt,1-15 R.I. De Blijvertjes : onbewust voorloper van de Luchtmobiele Brigade,3-1-15 r.i gescreend door de i.d te oengaran werden de baboes en koelies van de staf-cie 2 cie en een gedeelte 
226,3,03454.txt,1-15 R.I. De Blijvertjes : onbewust voorloper van de Luchtmobiele Brigade,zijn dit is ook de mening van de bevolking 2 baboes en 7 koelies gescreend voor 3-1-15 r.i ons inziens allen 
227,4,03454.txt,1-15 R.I. De Blijvertjes : onbewust voorloper van de Luchtmobiele Brigade,door i.d post bodja en deze screende tevens weer 3 baboes en 3 koelies allen geschikt  
228,1,03455.txt,Het 6 ARVA Squadron in Nederlands-Indie? 1946-1950 : persoonlijke herinneringen en indrukken van hen die er bij waren,hout noodzakelijk was tenslotte waren er ook nog ongeveer zes baboes voor de huishoudelijke dienst zoals het wassen en strijken van 
229,1,03456.txt,IndiÃ« blijft ons bezighouden,een soldaat 49 brieven uit het veld 57 hoe een baboe een peloton soldaten redde 63 krantenberichten in 1948 en 40 
230,2,03456.txt,IndiÃ« blijft ons bezighouden,page 65 hoofdstuk 7 hoe een baboe een peloton soldaten redde het gebeurde in maart 1949 bij 
231,3,03456.txt,IndiÃ« blijft ons bezighouden,actie komen op die dag kwam er s middags een baboe naar hem toe hij kende haar wel want ze werkte 
232,4,03456.txt,IndiÃ« blijft ons bezighouden,t.n.i en wel diezelfde avond als hij wacht had de baboe die al jaren voor hollandse soldaten waste had zich echter 
233,5,03456.txt,IndiÃ« blijft ons bezighouden,de baboe bezwoer dat ze er nog met niemand over had gesproken 
234,6,03456.txt,IndiÃ« blijft ons bezighouden,terug naar huis beseften ze hoe dankbaar ze eigenlijk die baboe moesten zijn als die niet tijdig gewaarschuwd had zouden de 
235,1,03457.txt,Camouflagepak politiepet en narrenkap,burgerpersoneel met ongeveer 15 man een kokkie en een aantal baboes die de was en het onderhoud in huis deden er 
236,1,03458.txt,Het 425e Bataljon Infanterie [I - VI] : [herinneringen aan de tropen ...],zelfs de baboes begrijpen dat dergelijke orders niet uitvoerbaar zijn hij is altijd 
237,2,03458.txt,Het 425e Bataljon Infanterie [I - VI] : [herinneringen aan de tropen ...],zelfs de baboes begrijpen dat dergelijke orders niet uitvoerbaar zijn hij is altijd 
238,1,03460.txt,Geliefde ouders en verdere familie! : brieven van IndiÃ«ganger Maarten Schaafsma,ln.r staand santani bleekman spiering gebogen ohms v.l.n.r zittend kronenberg baboe voskuyl baboe zittend vooraan baboe im"1 s ï 9 de 
239,2,03460.txt,Geliefde ouders en verdere familie! : brieven van IndiÃ«ganger Maarten Schaafsma,santani bleekman spiering gebogen ohms v.l.n.r zittend kronenberg baboe voskuyl baboe zittend vooraan baboe im"1 s ï 9 de post keizersveer 
240,3,03460.txt,Geliefde ouders en verdere familie! : brieven van IndiÃ«ganger Maarten Schaafsma,gebogen ohms v.l.n.r zittend kronenberg baboe voskuyl baboe zittend vooraan baboe im"1 s ï 9 de post keizersveer bij de kali 
241,4,03460.txt,Geliefde ouders en verdere familie! : brieven van IndiÃ«ganger Maarten Schaafsma,en ik vertelde niet hoe verliefd ik was op mijn baboe santani maar er bleef genoeg over om wel te schrijven 
242,5,03460.txt,Geliefde ouders en verdere familie! : brieven van IndiÃ«ganger Maarten Schaafsma,tot weerziens uw maarten baboe santani en haar neefje mat in de kazernes van het 
243,6,03460.txt,Geliefde ouders en verdere familie! : brieven van IndiÃ«ganger Maarten Schaafsma,eenzame posten ver van de bewoonde wereld daar was de baboe een onontbeerlijke hulp  
244,7,03460.txt,Geliefde ouders en verdere familie! : brieven van IndiÃ«ganger Maarten Schaafsma,ook dim al gauw was zij de baas over alle baboes en ze leerde ook verrassend snel zich verstaanbaar te maken 
245,8,03460.txt,Geliefde ouders en verdere familie! : brieven van IndiÃ«ganger Maarten Schaafsma,waterwagen werd aangevoerd bij de ene groep vaten deden de baboes de was en daar stonden ook een paar lange tafels 
246,9,03460.txt,Geliefde ouders en verdere familie! : brieven van IndiÃ«ganger Maarten Schaafsma,mandihok en toen ik naar binnen scheen zag ik vier baboes die zich aan het wassen waren ze gilden luidkeels en 
247,10,03460.txt,Geliefde ouders en verdere familie! : brieven van IndiÃ«ganger Maarten Schaafsma,hij begon als volgt jullie zult al wel van je baboe vernomen hebben dat wij aanstaande donderdag naar grissee verhuizen dat 
248,11,03460.txt,Geliefde ouders en verdere familie! : brieven van IndiÃ«ganger Maarten Schaafsma,daarop stonden vier gedeeltelijk stenen kamponghuizen waarin wij met de baboes gelegerd waren rond de kampong was zoals gewoonlijk een dichte 
249,12,03460.txt,Geliefde ouders en verdere familie! : brieven van IndiÃ«ganger Maarten Schaafsma,wist er weer bruikbare soldaten van te maken ook de baboes waren doodsbang en zochten bij ons in de kamponghuizen bescherming 
250,13,03460.txt,Geliefde ouders en verdere familie! : brieven van IndiÃ«ganger Maarten Schaafsma,dank daarvoor gaf hij ons een paar kilo oebie de baboes bereidden dit en het bleek goed eetbaar het smaakte een 
251,1,03462.txt,He-j doar nog vocht'n? : herinneringen aan zijn tijd in Nederlands-Indie?,ik kreeg ook de opdracht toe te zien op de baboes iets verderop die belast waren met het wassen van de 
252,2,03462.txt,He-j doar nog vocht'n? : herinneringen aan zijn tijd in Nederlands-Indie?,page 35 vijf personen de kleding aan de baboe mee kunnen geven en had men de besmetting veel beter 
253,3,03462.txt,He-j doar nog vocht'n? : herinneringen aan zijn tijd in Nederlands-Indie?,voor andere pleziertjes kon zorgen tevens was er een setenga baboe in goed nederlands gezegd een daghitje  
254,4,03462.txt,He-j doar nog vocht'n? : herinneringen aan zijn tijd in Nederlands-Indie?,zijn kompas er een flink eind naast heeft gezeten de baboes zullen het de volgende dag ook niet gemakkelijk hebben gehad 
255,5,03462.txt,He-j doar nog vocht'n? : herinneringen aan zijn tijd in Nederlands-Indie?,ineengedoken een zielig hoopje mens ik vergeet nooit hoe onze baboe daarop reageerde la ilah itoeh toean sapi in het nederlands 
256,6,03462.txt,He-j doar nog vocht'n? : herinneringen aan zijn tijd in Nederlands-Indie?,acties werd altijd s avonds de route bekendgemaakt wanneer de baboes en djongos al lang naar de kampong waren er werd 
257,7,03462.txt,He-j doar nog vocht'n? : herinneringen aan zijn tijd in Nederlands-Indie?,was de pasjes van het inlands personeel controleren djongossen en baboes dus uit pure pesterij draaide hij de zaak om juist 
258,8,03462.txt,He-j doar nog vocht'n? : herinneringen aan zijn tijd in Nederlands-Indie?,in gebroken pasarmaleis naar een pas als de koelies en baboes daarentegen hun pas wilden tonen dan was het van rot 
259,9,03462.txt,He-j doar nog vocht'n? : herinneringen aan zijn tijd in Nederlands-Indie?,s m.i sakith sapi sawa sawatrapper sepulu orang mati setenga baboe sirihpruim soesoe manis t n.i tahoen jang soedah loepade tampatje 
260,1,03465.txt,Uit het marineleven gegrepen (1945),op de foto boven samen met de bottelier tussen de wasbaboes in de marinekazerne twee wageningers in marinekazerne weltevreden een slordige 
261,2,03465.txt,Uit het marineleven gegrepen (1945),bij een walplaatsing had men de beschikking over wasbaboes voor een redelijke vergoeding reinigde steef en streken zij je 
262,3,03465.txt,Uit het marineleven gegrepen (1945),was s morgens direct na overal altijd een wat oudere baboe aanwezig zij had toestemming om het terrein te betreden haar 
263,1,03467.txt,Respect en erkenning : veteranen Schaijk-Reek in Nederlands-Indie? 1945-1950,naar semarang zouden gaan tot ieders grote verrassing vroegen de baboes of zij naar djogjakarta zouden gaan het antwoord was nee 
264,2,03467.txt,Respect en erkenning : veteranen Schaijk-Reek in Nederlands-Indie? 1945-1950,zomer 1949 voor de vijandelijke aanval theo samen met de baboe op de pasar inkopen doen van rietsuiker en ananas page 
265,3,03467.txt,Respect en erkenning : veteranen Schaijk-Reek in Nederlands-Indie? 1945-1950,van de vijand op weg naar de top van de merbaboe jan schouten eerste van links onze eerste verblijfplaats was groots 
266,4,03467.txt,Respect en erkenning : veteranen Schaijk-Reek in Nederlands-Indie? 1945-1950,gingen we een keer met een gewapend patrouille de berg merbaboe op  
267,5,03467.txt,Respect en erkenning : veteranen Schaijk-Reek in Nederlands-Indie? 1945-1950,de veren dan werd ik gewekt door een van de baboes die bij mij werkte er was niet veel keus in 
268,6,03467.txt,Respect en erkenning : veteranen Schaijk-Reek in Nederlands-Indie? 1945-1950,en bang voor de dag van morgen inlandse vrouwen de baboes haalden de messtins op messtins de voerbakjes van de soldaten 
269,7,03467.txt,Respect en erkenning : veteranen Schaijk-Reek in Nederlands-Indie? 1945-1950,de messtins op messtins de voerbakjes van de soldaten de baboes brachten het eten de eerste indië maaltijd lieve bedeesde vrouwtjes 
270,8,03467.txt,Respect en erkenning : veteranen Schaijk-Reek in Nederlands-Indie? 1945-1950,de bak werd gevuld door n djongos knechtje of n baboe wasvrouwtje we hoorden doffe dreunen en er kermde een dier 
271,9,03467.txt,Respect en erkenning : veteranen Schaijk-Reek in Nederlands-Indie? 1945-1950,grasveld hoog scherp rietgras kind volgeling rivier wacht bij vuur baboe bale bale baroe bawan belanda besar betjak huishoudelijke hulp rustbank 
272,1,03468.txt,IndiÃ« vergeet je nooit! (1945),een ander boeiend verhaal is dat van de baboe die een peloton soldaten redde in dit verhaal komen wat 
273,2,03468.txt,IndiÃ« vergeet je nooit! (1945),het verraad van de nederlandse militair het verraad van de baboe alleen al vanwege dit verhaal is het boek zijn aanschafprijs 
274,1,03471.txt,Wij van de 4e Hulpverbandplaats Afdeling : herdenkingsboek van de 4e Hp.V.A.,gij zult u niet ophouden op de galerij waar de baboes staan ter strijking noch in het waslokaal waar zij staan 
275,2,03471.txt,Wij van de 4e Hulpverbandplaats Afdeling : herdenkingsboek van de 4e Hp.V.A.,dat kan zó toch nóóit bestaan die wagen moet fourageren baboes halen en zo meer op één dag drie-honderd mijlen is 
276,3,03471.txt,Wij van de 4e Hulpverbandplaats Afdeling : herdenkingsboek van de 4e Hp.V.A.,zong ik haast in wanhoop het al maanden oud refrein baboe awas pigimana tida boleh masoek toch ojoh djongos maoe apa 
277,1,03476.txt,Op vleugels in hoger sferen : een vliegers-odyssee,page 17 jeugd mijn vroegste herinneringen gaan naar baboe toe-eh zij was klein had vele jaren achter de rug 
278,2,03476.txt,Op vleugels in hoger sferen : een vliegers-odyssee,grote blonde man met handen als kolenschoppen die desgevraagd zei baboe toe-eh kan vijftig zijn maar als ik die rimpels van 
279,3,03476.txt,Op vleugels in hoger sferen : een vliegers-odyssee,hoe dan ook baboe toe-eh zorgde voor me alsof ik haar eigen kind was 
280,4,03476.txt,Op vleugels in hoger sferen : een vliegers-odyssee,en ik zei dat dat een tjatjing was verbijsterd keek baboe toe-eh me aan en riep dat dat geen tjatjing was 
281,5,03476.txt,Op vleugels in hoger sferen : een vliegers-odyssee,centraal burgerlijk ziekenhuis waaraan een militaire vleugel was verbonden van baboe toe-eh leerde ik dat dat een roemah sakit was baboe 
282,6,03476.txt,Op vleugels in hoger sferen : een vliegers-odyssee,baboe toe-eh leerde ik dat dat een roemah sakit was baboe toe-eh probeerde me uit te leggen waarom er telkens mensen 
283,7,03476.txt,Op vleugels in hoger sferen : een vliegers-odyssee,me waardoor ik een soort gejuich deed horen dan trok baboe toe-eh me aan mijn arm fronste haar gerimpelde gezicht en 
284,8,03476.txt,Op vleugels in hoger sferen : een vliegers-odyssee,soms wat langer op de plee te blijven soms bracht baboe toe-eh me naar de buren waar een jongetje was van 
285,9,03476.txt,Op vleugels in hoger sferen : een vliegers-odyssee,we in de tuin spelen onder het toeziend oog van baboe toe-eh en haar evenknie de baboe van het jongetje  
286,10,03476.txt,Op vleugels in hoger sferen : een vliegers-odyssee,het toeziend oog van baboe toe-eh en haar evenknie de baboe van het jongetje  
287,11,03476.txt,Op vleugels in hoger sferen : een vliegers-odyssee,baboe toe-eh zorgde ook voor mijn bijna drie jaar oudere broer 
288,12,03476.txt,Op vleugels in hoger sferen : een vliegers-odyssee,uitlopen mijn zuster was dan mijn reddende engel die riep baboe toe-eh en die suste ons snel merkwaardig is wel dat 
289,13,03476.txt,Op vleugels in hoger sferen : een vliegers-odyssee,in dat verband werd ook een waarschuwing gegeven dat de baboe ketips dubbeltjesdames die bij de poort stonden vele risicos gaven 
290,1,03478.txt,Onhoorbaar groeit de padi : front-soldaten in een verloren oorlog : Indonesie 1948-1950,naar djating aleh een noordelijke hooggelegen buitenwijk van de stad baboe en djongos ze gedroegen zich zoals ik verwacht had  
291,2,03478.txt,Onhoorbaar groeit de padi : front-soldaten in een verloren oorlog : Indonesie 1948-1950,een bijgebouwtje van ons kantoor verbleven sumira en tina onze baboes die voor het eten en de was zorgden het was 
292,3,03478.txt,Onhoorbaar groeit de padi : front-soldaten in een verloren oorlog : Indonesie 1948-1950,geen paradijs maar toch ook het 403e bataljon infanterie het baboeprobleem elke morgen om een uur of zeven staat de baboe 
293,4,03478.txt,Onhoorbaar groeit de padi : front-soldaten in een verloren oorlog : Indonesie 1948-1950,baboeprobleem elke morgen om een uur of zeven staat de baboe onze wandelende wasserij geduldig te wachten op het moment dat 
294,5,03478.txt,Onhoorbaar groeit de padi : front-soldaten in een verloren oorlog : Indonesie 1948-1950,zijn we een stapje verder we weten nu dat de baboe strijken moet al stribbelt ze ook nog zo hard tegenf 
295,6,03478.txt,Onhoorbaar groeit de padi : front-soldaten in een verloren oorlog : Indonesie 1948-1950,nog niet weten hoe ze zich ten opzichte van de baboe hebben te gedragen wanneer we vriendschappelijk zijn gekheid maken en 
296,7,03478.txt,Onhoorbaar groeit de padi : front-soldaten in een verloren oorlog : Indonesie 1948-1950,gedragen en geen aanleiding geven tot intimiteiten dan zullen de baboes zich ook behoorlijk gedragen de lezer zou graag weten wie 
297,1,03479.txt,Indonesie? als eindstation : met het vergeten leger in Indie?,hebben we dagelijks de beschikking over een koelie en een baboe om de was te doen de bedden op te maken 
298,2,03479.txt,Indonesie? als eindstation : met het vergeten leger in Indie?,nico is belast met alles wat de koelies djongossen en baboes aangaat en als ik bij hem ga klagen dat onze 
299,1,03480.txt,Eens marinier altijd marinier : een leven vol afwisseling en avontuur : Qua Patet Orbis 1940-1972,later een terug het was een taaie wacht alleen de baboes die over ons heen liepen als we ons op de 
300,1,03482.txt,Bij de inlichtingendienst op Midden-Java,in 1887 verscheen de eerste en enige nederlandse opium-roman baboe delima de oudofficier van het nederland-indische leger m.t.h perelaer noemt 
301,2,03482.txt,Bij de inlichtingendienst op Midden-Java,huishoudelijk problemen aan de orde zo had johan diender onze baboe naoemi meegenomen naar kaliwadas9307 en waar vind je een goede 
302,3,03482.txt,Bij de inlichtingendienst op Midden-Java,naoemi meegenomen naar kaliwadas9307 en waar vind je een goede baboe wel op proempang-0801 de heer blijham zou er voor zorgen 
303,4,03482.txt,Bij de inlichtingendienst op Midden-Java,alles met elkaar was er toch genoeg om ook de baboe s en de djongossen mee te kunnen laten eten heel 
304,5,03482.txt,Bij de inlichtingendienst op Midden-Java,het de gelegenheid om opnieuw afscheid te nemen van hun baboes en djongossen die op het perron stonden om ons nogmaals 
305,6,03482.txt,Bij de inlichtingendienst op Midden-Java,214 adat ajam alang-alang aloen-aloen andjing nica arak assistent-wedana babah baboe badjoe bagian baleh-baleh bamboe roentjing bami goreng bandjir baoe baroe 
306,1,03486.txt,Nou tabee dan ik groet je... : wetenswaardigheden van een vijfjarig verblijf in IndiÃ« 1945-1949,is wel eens ruzie officier van piket op sokken de baboe bij de kok afijn er zijn wel eens brokken  
307,2,03486.txt,Nou tabee dan ik groet je... : wetenswaardigheden van een vijfjarig verblijf in IndiÃ« 1945-1949,ligamok gen plotseling onbesuisd gaan optreden toestand van razernij autonomie baboe baroe bbataljon batikdoek zelfbestuur vrouwelijke bediende dienstbode nieuweling een brigade 
308,1,03487.txt,De geschiedenis van de 5e Genie Veldcompagnie 1946-1949 : Nederland - Engeland - Java,57 eerste politionele aktie 79 aan de voet van de merbaboe 96 bersiap merdeka 115 aanvallen vrijheid dagboek van een 1ste 
309,2,03487.txt,De geschiedenis van de 5e Genie Veldcompagnie 1946-1949 : Nederland - Engeland - Java,khakiuniformen die gewassen of geperst waren door de alom geprezen baboes liepen ze dan rond op zoek naar koopjes naar pilsjes 
310,3,03487.txt,De geschiedenis van de 5e Genie Veldcompagnie 1946-1949 : Nederland - Engeland - Java,suikerriet per ossekar page 110 aan de voet van de merbaboe vanaf 31 juli 1947 lag de 5de genie veldcompagnie voortaan 
311,4,03487.txt,De geschiedenis van de 5e Genie Veldcompagnie 1946-1949 : Nederland - Engeland - Java,kennissen gingen eten veelal in de kampong bij die lieve baboe of djongos waarvan de laatste waarschijnlijk niet als echt lief 
312,5,03487.txt,De geschiedenis van de 5e Genie Veldcompagnie 1946-1949 : Nederland - Engeland - Java,pasar te gaan of om bijvoorbeeld te gaan werken als baboe djongos of anderszins  
313,6,03487.txt,De geschiedenis van de 5e Genie Veldcompagnie 1946-1949 : Nederland - Engeland - Java,exploderende vulkanen zoals die van de merapi en vroeger de merbaboe die nu gezien moet worden als een slapende vulkaan  
314,7,03487.txt,De geschiedenis van de 5e Genie Veldcompagnie 1946-1949 : Nederland - Engeland - Java,afscheid te nemen van de bedienden in buitenzorg van je baboe of djongos of van de resterende kennissen in batavia maar 
315,1,03489.txt,Den Dungen in Nederlandsch Oost-Indie? 1946-1951,met een vaak nadrukkelijk gebaar zal de soldaat tegenover baboes tegenover landbouwers tegenover de eenvoudige dessabevolking zo gewoon mogdijk doen 
316,2,03489.txt,Den Dungen in Nederlandsch Oost-Indie? 1946-1951,liepen ue daarbij zelf in een hinderlaag.uat bleek namelijk onze baboes en koelies die ons zo goed verzorgden bleken zich in 
317,3,03489.txt,Den Dungen in Nederlandsch Oost-Indie? 1946-1951,maar dat zal wel wennen.de vrouwen in indië heten allemaal baboe.zij wassen voor je en als je wilt doen ze nog 
318,4,03489.txt,Den Dungen in Nederlandsch Oost-Indie? 1946-1951,dat weet u wel.pietwaar tante sibelia er zijn trouwens ook baboes die christelijk zijn.die stelen niet zoveel en die eten geen 
319,5,03489.txt,Den Dungen in Nederlandsch Oost-Indie? 1946-1951,bureau inw dienst 6e cie.waarbij het noodzakelijk is de betreffende baboe mode te brengen 12 het terugbrengen van het wasgoed geschiedt 
320,1,03490.txt,15e Genie Veld Compagnie : 30 juni 1947-29 juni 1950 geschiedenis van een dienstplichtig soldaat,wel aan de slag voor onszelf djongossen zijn hier niet baboes wel maar die mogen we niet hebben vanwege je weet 
321,2,03490.txt,15e Genie Veld Compagnie : 30 juni 1947-29 juni 1950 geschiedenis van een dienstplichtig soldaat,s nachts is het niet koud deze keer hebben we baboes toegewezen gekregen om voor ons de was te doen en 
322,1,03491.txt,Duizend dagen IndiÃ« : het dagboek van Jan van Trigt 1945-1948,gek bovendien dicht bij de keuken dat is wat waard baboes zijn al gauw op komen dagen vreemd is dat een 
323,2,03491.txt,Duizend dagen IndiÃ« : het dagboek van Jan van Trigt 1945-1948,netherlands forces intelligence service zit die ik aantref bij een baboe in bed ik schrik ervan maar praat met hem over 
324,3,03491.txt,Duizend dagen IndiÃ« : het dagboek van Jan van Trigt 1945-1948,gevangenen broer bolk doet zijn best hij geeft aan de baboe een sjaaltje dat voor hem dienst deed als shirtje zon 
325,4,03491.txt,Duizend dagen IndiÃ« : het dagboek van Jan van Trigt 1945-1948,bezems aan de zijr kanten we nemen afscheid van de baboes en djongossen die we hartelijk danken voor al het werk 
326,5,03491.txt,Duizend dagen IndiÃ« : het dagboek van Jan van Trigt 1945-1948,ik dan maar door ze te vertellen dat er 22 baboes meegekomen zijn i.p.v post wie gelooft dat 151  
327,6,03491.txt,Duizend dagen IndiÃ« : het dagboek van Jan van Trigt 1945-1948,balken voor de deuren interne veiligheid we kunnen be de baboes niet vertrouwen broer gaat naar batavia een kookcursus volgen niet 
328,7,03491.txt,Duizend dagen IndiÃ« : het dagboek van Jan van Trigt 1945-1948,sgt hermans schiet een chinees kapot en t uit een baboe door haar kin bij het schoonmaken van zijn karabijn zal 
329,8,03491.txt,Duizend dagen IndiÃ« : het dagboek van Jan van Trigt 1945-1948,boven wonder wat sloten gekomen van de verplegingsofficier de ge baboes zien lijdelijk toe je kunt het ze aanzien dat ze 
330,9,03491.txt,Duizend dagen IndiÃ« : het dagboek van Jan van Trigt 1945-1948,groenhart gaat wel die heeft toch niets te verliezen de baboe is opgepikt door n de politie zal wel niet zo 
331,10,03491.txt,Duizend dagen IndiÃ« : het dagboek van Jan van Trigt 1945-1948,batavia stuurden het als beloning voor mijn stukje b ovet baboes in de wapenbroeders komt heel goed van pas  
332,11,03491.txt,Duizend dagen IndiÃ« : het dagboek van Jan van Trigt 1945-1948,momenteel zitten we zonder djongos of baboe maar kleren toch gewassen want er lopen er nog genoeg 
333,12,03491.txt,Duizend dagen IndiÃ« : het dagboek van Jan van Trigt 1945-1948,van de jongens naar baboes de bezoeken aan de kampong worden drukker en drukker er 
334,13,03491.txt,Duizend dagen IndiÃ« : het dagboek van Jan van Trigt 1945-1948,de jongens meer en meer naar de kampong achter de baboes aan velen hebben thuis verkering maar komen alleen bij die 
335,14,03491.txt,Duizend dagen IndiÃ« : het dagboek van Jan van Trigt 1945-1948,er alledrie ineens een hekel aan wat nu pasen de baboe geroepen en gevraagd eieren te halen op de pasar waren 
336,15,03491.txt,Duizend dagen IndiÃ« : het dagboek van Jan van Trigt 1945-1948,ik eigenlijk aan die rotzooi weer rap uit naar de baboe of naar de vuilniston heb met genoegen een blik geworpen 
337,16,03491.txt,Duizend dagen IndiÃ« : het dagboek van Jan van Trigt 1945-1948,zaak ingepakt ook de administratiekist en toen tidoeren vanmorgen was baboe vroeg present heb haar uitgebreide instructies gegeven over het schoonmaken 
338,17,03491.txt,Duizend dagen IndiÃ« : het dagboek van Jan van Trigt 1945-1948,de tuin bij het inpakken van de laatste spullen de baboe nog blij gemaakt met een paar hoofdkussens en andere zaken 
339,18,03491.txt,Duizend dagen IndiÃ« : het dagboek van Jan van Trigt 1945-1948,bekende achterblijvende jongens van andere onderdelen niet teveel naar de baboes kijken toen ik voorbij het huis van de ostcie liep 
340,19,03491.txt,Duizend dagen IndiÃ« : het dagboek van Jan van Trigt 1945-1948,bommenwerper de mitchel liberator btndit baadje hemdje benter babi varken baboe hulp in de huishouding huishoudster heros badge embleem insigne haik 
341,20,03491.txt,Duizend dagen IndiÃ« : het dagboek van Jan van Trigt 1945-1948,met triller in dit geval voor automotor boe kort voor baboe boeka open boe kit serillo de heuvel serillo boeng letterlijk 
342,1,03493.txt,Van infanterist tot radiomonteur : herinneringen van een Friese dorpsjongen aan zijn diensttijd als dienstplichtig militair in het voormalig Nederlands-Indie? 1947-1950,bergpaardjes ervoor in de plaats van djongossen hebben we hier baboes die alleen voor de was zorgen dat is een hele 
343,2,03493.txt,Van infanterist tot radiomonteur : herinneringen van een Friese dorpsjongen aan zijn diensttijd als dienstplichtig militair in het voormalig Nederlands-Indie? 1947-1950,1950 we zijn letterlijk met de hele huishouding inclusief de baboes verhuisd naar djatiroto en zijn met vijftig autos van de 
344,3,03493.txt,Van infanterist tot radiomonteur : herinneringen van een Friese dorpsjongen aan zijn diensttijd als dienstplichtig militair in het voormalig Nederlands-Indie? 1947-1950,het een gek land is hebben we gisteren meegemaakt onze baboe moest opeens bevallen de militaire dokter kwam met een ziekenauto 
345,1,03494.txt,3-41 R.V.A. in de tropen (1948),lieden werd geadviseerd wat meer afstand te bewaren tot de baboes die inmiddels ook een plaatsje in de cantine hadden ingenomen 
346,2,03494.txt,3-41 R.V.A. in de tropen (1948),ernstigste symptoom op alle mogelijke en onmogelijke wijzen werden onze baboes en djongossen bedreigd en aangezet tot wapendiefstallen die ondanks de 
347,3,03494.txt,3-41 R.V.A. in de tropen (1948),als postcommandant enkele weken zijn veldbed had gedeeld met een baboe ten aanschouwen van een aantal minderen zodoende tevens misbruik makende 
348,1,03495.txt,De stilte voorbij : het verhaal van Albert Scheer,met bestemming nederland onderweg doet albert een beroep op de reisbaboes die op de grote vaart op de kinderen passen en 
349,2,03495.txt,De stilte voorbij : het verhaal van Albert Scheer,voor het doen van inkopen op die momenten krijgt de baboe vrijaf in semarang hebben ze nog een baboe voor de 
350,3,03495.txt,De stilte voorbij : het verhaal van Albert Scheer,krijgt de baboe vrijaf in semarang hebben ze nog een baboe voor de was en het schoonmaken van het huis en 
351,4,03495.txt,De stilte voorbij : het verhaal van Albert Scheer,doordat het kamp weer open is hebben sommige vrouwen hun baboe en kokki weer in dienst kunnen nemen het leven blijft 
352,5,03495.txt,De stilte voorbij : het verhaal van Albert Scheer,minder bediendes in huis albert en marchien hebben alleen een baboe voor het doen van inkopen en om voor hen te 
353,1,03496.txt,IndiÃ« blijft onze denkwereld : met het vergeten leger in IndiÃ«,hij had maar één slechte gewoonte hij probeerde steeds de baboes in hun benen te bijten we hebben nooit kunnen achterhalen 
354,1,03497.txt,Aan de wieg van de marva en de beginperiode van haar bestaan : schetsen uit de geschiedenis van de Marine Vrouwen Afdeling van 1944-1950,gebeuren maar wij vonden het heel gewoon toen we drie baboes kregen om ons te helpen was de boel al schoon 
355,1,03498.txt,Opdracht uitgevoerd : een verhaal over de Tweede Wereldoorlog die voor de Nederlandse jongens 10 jaar duurde,misverstandje op de cp m ngawi was een uitgebreid legertje baboes djongos en katjongs aanwezig die verschillende werk7 pkn!pten zo waste 
356,2,03498.txt,Opdracht uitgevoerd : een verhaal over de Tweede Wereldoorlog die voor de Nederlandse jongens 10 jaar duurde,en katjongs aanwezig die verschillende werk7 pkn!pten zo waste een baboe wasvrouw oor 8 militairen dagelijks de tropenuniformen sokken als we 
357,3,03498.txt,Opdracht uitgevoerd : een verhaal over de Tweede Wereldoorlog die voor de Nederlandse jongens 10 jaar duurde,was voorgevallen en kreeg het verhaal te horen dat de baboe de kamer waar hij sliep aan het vegen was toen 
358,4,03498.txt,Opdracht uitgevoerd : een verhaal over de Tweede Wereldoorlog die voor de Nederlandse jongens 10 jaar duurde,om beiden uit te leggen waar de verontwaardiging van de baboe in besloten lag aan anema nota bene kandidaat drs economie 
359,5,03498.txt,Opdracht uitgevoerd : een verhaal over de Tweede Wereldoorlog die voor de Nederlandse jongens 10 jaar duurde,had ik het adres gevonden en belde welgemoed aan de baboe deed open en ik vroeg naar de heer des huizes 
360,6,03498.txt,Opdracht uitgevoerd : een verhaal over de Tweede Wereldoorlog die voor de Nederlandse jongens 10 jaar duurde,zag dat bijna ogenblikkelijk bevestigd mijn gastheer had namelijk de baboe 20 gulden meegegeven om op de pasar een slof sigaretten 
361,7,03498.txt,Opdracht uitgevoerd : een verhaal over de Tweede Wereldoorlog die voor de Nederlandse jongens 10 jaar duurde,waren 21 gulden geworden zogenaamde dagprijzen enige malen werd de baboe voor stom dom en achterlijk uitgescholden en ze moest onmiddellijk 
362,8,03498.txt,Opdracht uitgevoerd : een verhaal over de Tweede Wereldoorlog die voor de Nederlandse jongens 10 jaar duurde,belandas werkten niet zij lieten zich in nederland bedienen door baboes djongos en katjongs  
363,9,03498.txt,Opdracht uitgevoerd : een verhaal over de Tweede Wereldoorlog die voor de Nederlandse jongens 10 jaar duurde,was elektrisch licht het huis werd grondig schoongehouden door de baboe die tevens dagelijks onze uniformen ondergoed en sokken waste op 
364,10,03498.txt,Opdracht uitgevoerd : een verhaal over de Tweede Wereldoorlog die voor de Nederlandse jongens 10 jaar duurde,anak andjing angkat tangan a.n.j.v anklets a.p a.r.p atap awas baboe bahasa indonesia aanen afvoer troepen koosnaampje apen achter tralies zijn 
365,1,03499.txt,Agent in IndiÃ« : dagboekbrieven van een MP'er (1949-1950),mogelijke rijsttafel hij wilde ons eens heerlijk laten eten de baboes begonnen de tafel van alle mogelijke lekkernijen te voorzien jacques 
366,2,03499.txt,Agent in IndiÃ« : dagboekbrieven van een MP'er (1949-1950),en zijn duiven zijn twee aapjes en zijn uitzonderlijk mooie baboe op wie hij heel erg trots was nog even keken 
367,3,03499.txt,Agent in IndiÃ« : dagboekbrieven van een MP'er (1949-1950), page 143 higp ts m$fê de baboes en kat jongs van de bodjong  j mèêi fe4aw 
368,4,03499.txt,Agent in IndiÃ« : dagboekbrieven van een MP'er (1949-1950),naar de achterzaal waar 40 man heerlijk hebben gegeten de baboes en de katjongs hadden voor alles gezorgd en alles was 
369,5,03499.txt,Agent in IndiÃ« : dagboekbrieven van een MP'er (1949-1950),ginder holt een baboe met een grote stapel gewassen en gestreken kleren die ze 
370,6,03499.txt,Agent in IndiÃ« : dagboekbrieven van een MP'er (1949-1950),schiet me echter een leuk verhaal te binnen over mijn baboe soeti en dat ga ik eerst vertellen ik denk dat 
371,7,03499.txt,Agent in IndiÃ« : dagboekbrieven van een MP'er (1949-1950),o ja ook nieuws over een militaire missie soeti mijn baboe kwam even na zessen met een hoogrode kleur mijn kamer 
372,8,03499.txt,Agent in IndiÃ« : dagboekbrieven van een MP'er (1949-1950),page 247 steeds voor dat een andere baboe present is om mijn was te doen want vanwege de 
373,9,03499.txt,Agent in IndiÃ« : dagboekbrieven van een MP'er (1949-1950),dag gewassen worden een uurtje geleden hebben de jongens de baboes met een wagen teruggebracht naar de kampong morgenvroeg om zes 
374,10,03499.txt,Agent in IndiÃ« : dagboekbrieven van een MP'er (1949-1950),weer raakte niemand gewond ze bleken de kamers van de baboes in ons kamp totaal te hebben leeggeroofd ik vind het 
375,11,03499.txt,Agent in IndiÃ« : dagboekbrieven van een MP'er (1949-1950),in de benedenstad klaar ook van de verpleegsters op de merbaboeweg die me een hele tijd op het ziekenhuis verzorgden ben 
376,12,03499.txt,Agent in IndiÃ« : dagboekbrieven van een MP'er (1949-1950),weten van aanpakken en omringen zich niet met een leger baboes en djongossen zoals de vrouwen met puur nederlands bloed doen 
377,13,03499.txt,Agent in IndiÃ« : dagboekbrieven van een MP'er (1949-1950),lijst van maleise woorden alang-alang aloon-aloon ani-ani api atap baboe baik bandjir batik besar blanda djalan djeroek djongos gamelan goedang 
378,1,03500.txt,Van de polder naar de sawa (1940),achterblijvers en zeker niet te vergeten het indonesisch personeel de baboes en djongossen die zo lang voor ons gewerkt hadden zeven 
379,1,03501.txt,Urker volksleven,vanmorgen gingen onze baboes naar de kali om onze kleren te wassen toen werd 
380,1,03503.txt,Brandlucht en bloedspoor : dagboek van een IndiÃ«ganger,een hospitaalsoldaat haalde een baboe die me moest masseren dat deed vreselijke pijn s avonds 
381,2,03503.txt,Brandlucht en bloedspoor : dagboek van een IndiÃ«ganger,om vroeg naar bed te gaan door het bezoek van baboe issam duurde het echter lang voor er wat van slapen 
382,3,03503.txt,Brandlucht en bloedspoor : dagboek van een IndiÃ«ganger,zijn huis naar de ü16 uer er0p 9.elegen cantine gingde baboes gingen in de vijfhonderd meter buiten het kamp liggende kalie 
383,4,03503.txt,Brandlucht en bloedspoor : dagboek van een IndiÃ«ganger,woonden zeker vijftig evacuees en vluchtelingen het andere was voor baboes en djongossen gedurende de middag legden we een telefoonlijn van 
384,5,03503.txt,Brandlucht en bloedspoor : dagboek van een IndiÃ«ganger,de haven van sabang 29-10-48 op wacht in de brenpunt baboe en djongos kobus handelslieden in de haven van aden  
385,6,03503.txt,Brandlucht en bloedspoor : dagboek van een IndiÃ«ganger,a.h.k alang-alang aloon-aloon a.m.v.j anjing ans en herrie appèl a.p.r.a baboe babu bali desa banyak baroe baru baroe batik belanda bersiap 
386,1,03507.txt,Soldaat zonder franje (1928),lag in de bergen aan de voet van de vulkanen merbaboe en de rokende merapi van knil militairen kregen we een 
387,2,03507.txt,Soldaat zonder franje (1928),waren iedere keer problemen bij de kampong waar we de baboe hadden afgezet de volgende dag gingen we in een grote 
388,3,03507.txt,Soldaat zonder franje (1928),bertus genaamd werken op de b-divisie hij had zijn persoonlijke baboe meegenomen maar dat mocht bij ons niet wij hadden een 
389,4,03507.txt,Soldaat zonder franje (1928),bij ons de boel opruimde en de bedden opmaakte zijn baboe verdween ergens in de kampong  
390,1,03509.txt,Vaarwel kameraad! : met het vergeten leger in Indie?,is stil ver achter ons liggen de merapi en de merbaboe heel even wazig te zien in de verte  
391,1,03510.txt,1-1 R.I.,een oppasser wij gaven de was mee aan de vrouwen baboes en t werd schoner dan wanneer we het zelf deden 
392,1,03511.txt,Herinneringen aan de 42e Zibva,senang vervolgens maakten we nog kennis met de ons toegewezen baboes en djongos zij zouden onze was verzorgen de kamers schoon 
393,2,03511.txt,Herinneringen aan de 42e Zibva,gebracht om je te wassen en daarna kwam onze eigen baboe het ontbijt brengen dit vond ik persoonlijk het ergste er 
394,3,03511.txt,Herinneringen aan de 42e Zibva,ontbijt overhandigd en snel maakte ze dat weg komt dezelfde baboe komt smiddags de nasi brengen en ze vindt het al 
395,4,03511.txt,Herinneringen aan de 42e Zibva,dergelijks aan afval knagen allerlei soorten salamanders ritselen langs de baboewand en op het laatst is het of alles beweegt kruipt 
396,5,03511.txt,Herinneringen aan de 42e Zibva,grote menigte bij de aanwervingsplaats ontzettend blij waren vooral de baboes als ze aangenomen werden want ze werden redelijk goed betaald 
397,6,03511.txt,Herinneringen aan de 42e Zibva,dat hij er weer eens hard tegen aan ging de baboes jong en oud waren altijd erg opgewekt je hoorde ze 
398,7,03511.txt,Herinneringen aan de 42e Zibva,oosthoek de mensen daar bleven in het algemeen vriendelijk de baboes katjongs koelies en ander burgerpersoneel bleven tot het einde voor 
399,1,03512.txt,Onze tijd in de Oost : een kittbag vol herinneringen : het reisdagboek van veteraan Geu Meulenbroeks gedurende de vredesstrijd in Oost-IndonesiÃ«.,we de eerste weken zelf doen al gauw komen de baboes dienstmeiden weer bij het peloton per zes of acht man 
400,2,03512.txt,Onze tijd in de Oost : een kittbag vol herinneringen : het reisdagboek van veteraan Geu Meulenbroeks gedurende de vredesstrijd in Oost-IndonesiÃ«.,het peloton per zes of acht man wordt er een baboe beschikbaar gesteld die de was en de strijk doet en 
401,3,03512.txt,Onze tijd in de Oost : een kittbag vol herinneringen : het reisdagboek van veteraan Geu Meulenbroeks gedurende de vredesstrijd in Oost-IndonesiÃ«.,deuren goed sloten konden we gewoon onder de klamboe de baboe deed de was en een paar djongos maakten de mestins 
402,4,03512.txt,Onze tijd in de Oost : een kittbag vol herinneringen : het reisdagboek van veteraan Geu Meulenbroeks gedurende de vredesstrijd in Oost-IndonesiÃ«.,mannen te praten de hulpen van de kok en de baboes liggen in een tent apart  
403,5,03512.txt,Onze tijd in de Oost : een kittbag vol herinneringen : het reisdagboek van veteraan Geu Meulenbroeks gedurende de vredesstrijd in Oost-IndonesiÃ«.,er zo hier en daar halfbloedjes geboren er werkt een baboe in ons kamp die zwanger was van een van de 
404,6,03512.txt,Onze tijd in de Oost : een kittbag vol herinneringen : het reisdagboek van veteraan Geu Meulenbroeks gedurende de vredesstrijd in Oost-IndonesiÃ«.,de school in sigoentoer moeda wordt het wilhelmus gezongen twee baboes moeder en dochter m i mm wmm mm k n 
405,7,03512.txt,Onze tijd in de Oost : een kittbag vol herinneringen : het reisdagboek van veteraan Geu Meulenbroeks gedurende de vredesstrijd in Oost-IndonesiÃ«.,de baboes doen de was voor 6 man is er een aangewezen 
406,1,03513.txt,1940-1950 : 10 onrustige jaren.,hij vroeg wat ik wilde drinken koffie zei ik de baboe werd geroepen en die kwam even later dus met twee 
407,2,03513.txt,1940-1950 : 10 onrustige jaren.,graag hij keek me wat vreemd aan maar riep de baboe en vervolgens kwamen er weer twee glazen koffie weer tien 
408,3,03513.txt,1940-1950 : 10 onrustige jaren.,buitgemaakt dat was mede verbrand maar erger was dat de baboe die zich geweldig schuldig voelde ook nog het huisje ingegaan 
409,4,03513.txt,1940-1950 : 10 onrustige jaren.,die zei met een soort wonderlijk lachje op zijn gezicht baboe idji tida ada  
410,5,03513.txt,1940-1950 : 10 onrustige jaren.,er voor ons had gelegen die had een hele verzameling baboes achtergelaten daarbij gevoegd onze eigen organieke baboes was het langzamerhand 
411,6,03513.txt,1940-1950 : 10 onrustige jaren.,een hele verzameling baboes achtergelaten daarbij gevoegd onze eigen organieke baboes was het langzamerhand een soort kakelend kippenhok geworden het gegiechel 
412,7,03513.txt,1940-1950 : 10 onrustige jaren.,hebt kijk dan eerst eens naar die voeten van zon baboe en als je die spleettenen ziet dan heb je gegeten 
413,1,03515.txt,Drie warme jaren (1947),veel wel moet hij nu zélf de koelies en de baboes aan het werk r zetten de groenten die bij de 
414,2,03515.txt,Drie warme jaren (1947),andere jongens voor één roepia in de week door de baboe doen als er wat te halen valt wat niks kost 
415,3,03515.txt,Drie warme jaren (1947),uit jos kan niet van zich af werken zodat de baboe iedere dag een schort broek en muts moet uitwassen terwijl 
416,4,03515.txt,Drie warme jaren (1947),met het werk ze let er bijvoorbeeld op dat de baboes de zaak niet flessen en omdat ze een javaanse is 
417,5,03515.txt,Drie warme jaren (1947),zien alleen af en toe de mannen alleen een oude baboe die de was verzorgt van de officieren en onderofficieren loopt 
418,6,03515.txt,Drie warme jaren (1947),zeven uur de kamer binnenkomt vindt hij één van de baboes in het bed van daan lamper liggen zonder sarong en 
419,7,03515.txt,Drie warme jaren (1947),dan het korte broekje heeft hij niet aan de andere baboe met de sapoe nog in de hand wijst op haar 
420,8,03515.txt,Drie warme jaren (1947),samen met enkele manschappen weg is geweest anders hadden de baboe en daan niet zo gek durven doen stomme daan denkt 
421,9,03515.txt,Drie warme jaren (1947),wel of ze geld overhouden wim de baar heeft een baboe die tevens bijslaap is jos verraste hem een keer toen 
422,10,03515.txt,Drie warme jaren (1947),echter niet waarom ze daar bang voor waren alleen die baboe van jullie vervolgt jacob heeft nog wel eens naar je 
423,1,03517.txt,De marsroute van 1-11 R.I.,de verbindingsgroep in het bivak van boeniseuri had een eigen baboe meegebracht het was een vlotte meid die bovendien een aardig 
424,2,03517.txt,De marsroute van 1-11 R.I.,toen gaf ze toe helemaal geen baboe maar een studente uit bandoeng te zijn behalve nederlands sprak 
425,3,03517.txt,De marsroute van 1-11 R.I.,naderend vertrek het werd tijd afscheid te nemen van de baboe en de djongos bediende die de manschappen veelal gedurende een 
426,1,03518.txt,Staphorster militairen in de tropen,de voet van de nogal eens vuurspuwende bergen van de merbaboe en merabi deze laatste berg is de gevaarlijkste en is 
427,2,03518.txt,Staphorster militairen in de tropen,een linke patrouille il op 1 mei 1948 zijn onze baboes vrouwelijke en djongossen mannen lijke indonesiche hulpjes met autos weggebracht 
428,3,03518.txt,Staphorster militairen in de tropen,t i baboe toerina stond tegen mij aan geleund te snikken als een 
429,1,03519.txt,Klappermelk & klompen : veteranen vertellen over Nederlands-IndiÃ« en Nieuw-Guinea,meer hoe ze zich moesten gedragen sommige mensen gebruikten hun baboe gewoon als slaaf ik geef je een voorbeeld een vrouw 
430,2,03519.txt,Klappermelk & klompen : veteranen vertellen over Nederlands-IndiÃ« en Nieuw-Guinea,luie stoel riep als ze haar zakdoek liet vallen de baboe om hem op te rapen dat hoort niet ik deed 
431,1,03520.txt,Onze Arie is dood : een kleine geschiedenis een menselijk document,onze kamer van 20 jongens heeft 4 baboes gisteren hebben ze voor het eerst ons goed gewassen wat 
